fpid,uid,pid,created_user,created_time,modified_user,modified_time
1,10,12,user_2,2021-12-12 13:52:01,user_4,2022-12-15 06:49:32
2,9,18,user_2,2022-01-08 15:00:24,user_8,2021-10-31 22:04:10
3,10,10,user_2,2021-05-31 09:47:06,user_7,2021-01-23 07:40:07
4,9,16,user_2,2021-11-11 08:05:36,user_9,2021-02-18 08:52:54
5,1,10,user_2,2021-03-06 13:08:43,user_8,2021-07-02 05:49:46
6,10,9,user_7,2021-12-26 14:14:42,user_10,2021-04-15 07:53:18
7,3,10,user_8,2022-05-24 04:29:39,user_1,2022-12-11 00:49:27
8,4,10,user_2,2022-10-20 14:48:21,user_2,2021-06-10 19:03:18
9,6,11,user_4,2021-08-16 07:44:26,user_2,2022-10-02 02:09:32
10,10,5,user_9,2021-01-19 04:49:19,user_1,2022-01-03 09:32:29
11,2,14,user_2,2022-12-19 19:14:48,user_2,2022-01-02 00:03:44
12,6,20,user_9,2021-12-24 06:19:05,user_4,2022-01-26 23:19:50
13,4,7,user_5,2021-12-21 15:31:10,user_2,2021-05-03 14:16:33
14,1,12,user_1,2022-10-13 18:24:58,user_4,2022-01-19 07:32:35
15,5,9,user_4,2022-06-21 14:12:12,user_10,2022-09-13 23:29:46
16,9,18,user_9,2021-02-10 10:13:46,user_4,2022-10-13 21:23:14
17,3,8,user_1,2021-01-21 08:38:12,user_7,2021-03-14 11:38:00
18,6,8,user_1,2021-06-14 13:21:25,user_5,2022-02-03 03:36:57
19,5,3,user_9,2022-08-21 08:08:44,user_4,2021-09-05 08:46:20
20,6,14,user_4,2021-01-06 03:36:20,user_7,2021-09-16 04:10:05
21,5,17,user_6,2022-05-30 03:25:42,user_10,2022-12-12 14:36:25
22,8,11,user_1,2021-06-13 07:24:28,user_9,2022-09-19 16:28:48
23,5,12,user_4,2021-04-23 16:05:54,user_6,2022-05-08 01:38:44
24,7,8,user_8,2021-02-11 04:43:10,user_7,2021-01-25 22:41:23
25,10,8,user_6,2022-01-31 06:03:38,user_1,2022-05-30 16:37:02
26,2,15,user_5,2021-05-11 18:14:20,user_6,2022-04-27 13:08:43
27,4,5,user_4,2021-11-09 15:58:45,user_10,2022-07-12 11:58:52
28,4,16,user_2,2022-04-16 05:33:04,user_6,2021-06-18 03:10:54
29,3,6,user_9,2021-03-21 22:45:19,user_8,2021-01-03 12:56:46
30,5,7,user_2,2022-05-31 09:10:46,user_1,2022-03-05 19:50:50
31,3,12,user_3,2022-11-01 08:00:02,user_6,2021-11-03 06:14:59
32,3,10,user_2,2021-11-02 14:14:50,user_7,2021-02-15 03:43:05
33,9,10,user_7,2022-06-14 04:21:55,user_9,2021-07-16 07:15:14
34,7,9,user_6,2022-05-17 07:24:20,user_4,2021-04-07 05:07:48
35,10,8,user_2,2021-09-28 08:27:39,user_10,2022-02-23 18:00:05
36,9,8,user_9,2021-10-01 14:49:42,user_8,2022-04-10 04:44:51
37,1,8,user_4,2021-01-03 20:41:12,user_9,2022-05-31 20:47:09
38,2,5,user_4,2022-05-17 16:41:42,user_10,2022-03-09 16:44:33
39,6,16,user_9,2022-09-03 02:31:15,user_7,2021-08-15 01:06:13
40,4,14,user_9,2022-07-21 00:06:48,user_6,2022-04-02 00:00:21
41,4,8,user_9,2022-09-09 00:28:00,user_7,2022-12-18 07:48:41
42,4,8,user_2,2021-11-29 16:13:47,user_6,2021-03-18 21:45:39
43,10,20,user_5,2022-09-07 11:00:31,user_8,2022-08-27 22:40:44
44,1,1,user_4,2021-10-08 02:51:26,user_7,2021-05-29 09:59:05
45,3,20,user_1,2021-05-19 07:19:00,user_6,2022-02-04 02:24:25
46,6,3,user_1,2022-10-15 14:41:29,user_3,2022-07-09 02:47:02
47,7,5,user_1,2022-01-10 08:16:22,user_4,2021-12-05 10:52:27
48,3,16,user_1,2021-09-03 03:19:18,user_9,2022-06-17 19:49:39
49,6,11,user_5,2021-02-09 11:51:42,user_10,2022-08-14 05:55:27
50,2,12,user_7,2022-07-22 04:09:22,user_7,2021-12-23 06:03:26
